"species","current","future"
"centris_pallida",500.562936134372,799.178960065935
"olneya_tesota",335.92086757264,430.353757087971
"parkinsonia_florida",400.569378138188,667.117104123053
"parkinsonia_microphylla",446.172484927744,654.363669608565
