"species","fc","rm","tune.args","auc.train","cbi.train","auc.diff.avg","auc.diff.sd","auc.val.avg","auc.val.sd","cbi.val.avg","cbi.val.sd","or.10p.avg","or.10p.sd","or.mtp.avg","or.mtp.sd","AICc","delta.AICc","w.AIC","ncoef"
"Centris pallida","L",3,"fc.L_rm.3",0.871026973684211,0.979,0.119837574005579,0.0350856164362423,0.805826172789306,0.0921976884868943,0.7475,0.053100533581751,0.135964912280702,0.127620776858451,0,0,4497.23144765111,109.060200315919,1.96336147686935e-24,9
"Olneya tesota","LQ",3,"fc.LQ_rm.3",0.858980819672131,0.999,0.128589316260699,0.0702384127079631,0.75696981445299,0.108703832312148,0.8445,0.249278291607325,0.081601188428159,0.0855440457690303,0.000811688311688312,0.00162337662337662,23628.9182235057,539.239841009865,8.04556065885646e-118,15
"Parkinsonia florida","LQ",3,"fc.LQ_rm.3",0.86661690458302,0.998,0.138209991901144,0.134958247330376,0.751295724542092,0.149163724639766,0.61475,0.616397801748189,0.0970050729652113,0.120106594039056,0.00304878048780488,0.00609756097560976,26293.9276869698,740.479879673268,1.61004179036369e-161,13
"Parkinsonia microphylla","L",3,"fc.L_rm.3",0.850839161849711,0.993,0.184943357945561,0.146656410012199,0.71175905285834,0.184436837281584,0.8195,0.191249400870521,0.156793536523976,0.258874495547225,0.0187747035573123,0.0375494071146245,20176.655499068,750.242312128903,1.22166428064092e-163,9
