"species","current.km","future.km","percent_change"
"centris_pallida",163306.514331771,258869.355232728,58.5175
"olneya_tesota",163907.494528121,229230.562472654,39.8536
"parkinsonia_florida",197349.423807601,260433.231188952,31.9655
"parkinsonia_microphylla",167695.342063608,396603.843396753,136.5026
